{
  "type":"origins:multiple",

  "glidercreativetogglemanager": {

    "type": "origins:action_over_time",
    "interval": 20,
    "entity_action": {
      "type": "origins:if_else_list",
        "actions": [
        {
          "condition": {
            "type": "origins:and",
            "conditions": [
              {
                "type":"origins:resource",
                "resource":"artificer:powertoggles_master",
                "comparison":"==",
                "compare_to":1

              },
              {
                  "type":"origins:resource",
                  "resource":"artificer:equipmenttoggles_netheritechestplate",
                  "comparison":"==",
                  "compare_to":1
              }
            ]

          },
          "action": {
                "type": "origins:grant_power",
                "power": "artificer:powerswitches/glidercreativeswitch",
                "source": "artificer:artificer"
          }
        },
        {
          "condition": {
            "type": "origins:or",
            "conditions": [
              {
                "type":"origins:resource",
                "resource":"artificer:powertoggles_master",
                "comparison":"==",
                "compare_to":0

              },
              {
                  "type":"origins:resource",
                  "resource":"artificer:equipmenttoggles_netheritechestplate",
                  "comparison":"==",
                  "compare_to":0
              }
            ]

          },
          "action":{


                "type": "origins:revoke_power",
                "power": "artificer:powerswitches/glidercreativeswitch",
                "source": "artificer:artificer"

          }
        }
      ]
    }
  }
}