{
  "type":"origins:multiple",

  "togglewaterwalk": {

    "type": "origins:active_self",
    "entity_action": {
      "type": "origins:if_else",
      "condition": {
        "type":"origins:resource",
        "resource":"artificer:powertoggles_waterwalkstate",
        "comparison":"==",
        "compare_to":1
      },
      "if_action": {
        "type":"origins:change_resource",
        "resource":"artificer:powertoggles_waterwalkstate",
        "operation": "set",
        "change":0
      },
      "else_action": {
        "type":"origins:change_resource",
        "resource":"artificer:powertoggles_waterwalkstate",
        "operation": "set",
        "change":1
      }
    },
    "key": {
      "key": "key.loadToolbarActivator",
      "continuous": false
    },
    "cooldown": 2,
    "hud_render": {
      "should_render": false
    }

  }
}