{
    "powers": [
        "artificer:summon_artificer_tools",
        "artificer:artificer_item_testing",
        "artificer:essencetank",
        "artificer:craftmagicboots",
        "artificer:craftmagichelms",
        "artificer:craftmagicleggings",
        "artificer:powertoggles",
        "artificer:equipmenttoggles",
        "artificer:detectorpowers/equipmentirondetectors",
        "artificer:detectorpowers/equipmentdiamonddetectors",
        "artificer:detectorpowers/equipmentnetheritedetectors",
        "artificer:detectorpowers/equipeditemsdetector",
        "artificer:chestplatedesciron",
        "artificer:chestplatedescdiamond",
        "artificer:chestplatedescnetherite",
        "artificer:powermanagers/glidemanager",
        "artificer:powermanagers/flapmanager",
        "artificer:powermanagers/hovermanager",
        "artificer:powermanagers/creativemanager",
        "artificer:powermanagers/gliderhoverpowertogglesmanager",
        "artificer:powermanagers/glidercreativepowertogglesmanager",
        "artificer:powermanagers/waterwalkmanager",
        "artificer:powermanagers/waterwalkpowertogglesmanager",
        "artificer:powermanagers/lesserfallresistancemanager",
        "artificer:powermanagers/greaterfallresistancemanager",
        "artificer:powermanagers/fallimmunitymanager"
    ],
    "icon": "book",
    "order": 10,
    "impact": 0,
    "name": "Artificer",
    "description": "Artificers are masters of magical crafting. They tinkerer with the fundimentals of magic through magical devices"
}