{
    "name": "Craft Iron Swift Greives",
    "description": "You think you may be able to make a pair of greives that make you move faster",

    "type": "origins:multiple",

    "swiftwalk": {

        "type": "origins:conditioned_attribute",
        "modifier": {
            "attribute": "minecraft:generic.movement_speed",
            "operation": "addition",
            "value": 0.4,
            "name": "Increased speed"
        },
        "tick_rate": 20,
        "condition": {
            "type": "origins:and",
            "conditions": [
                {
                    "type":"origins:resource",
                    "resource":"artificer:powertoggles_master",
                    "comparison":"==",
                    "compare_to":0

                },
                {
                    "type":"origins:resource",
                    "resource":"artificer:powertoggles_swiftwalktoggle",
                    "comparison":"==",
                    "compare_to":0
                },
                {
                    "type": "origins:or",
                    "conditions": [
                        {
                            "type": "origins:resource",
                            "resource": "artificer:equipmenttoggles_ironleggings",
                            "comparison": "==",
                            "compare_to": 1
                        },
                        {
                            "type": "origins:resource",
                            "resource": "artificer:equipmenttoggles_diamondleggings",
                            "comparison": "==",
                            "compare_to": 1
                        },
                        {
                            "type": "origins:resource",
                            "resource": "artificer:equipmenttoggles_netheriteleggings",
                            "comparison": "==",
                            "compare_to": 1
                        }
                    ]
                }
            ]
        }

    },
    "swiftrun": {

        "type": "origins:conditioned_attribute",
        "modifier": {
            "attribute": "minecraft:generic.movement_speed",
            "operation": "addition",
            "value": 0.4,
            "name": "Increased speed"
        },
        "tick_rate": 20,
        "condition": {
            "type": "origins:and",
            "conditions": [
                {
                    "type":"origins:resource",
                    "resource":"artificer:powertoggles_master",
                    "comparison":"==",
                    "compare_to":0

                },
                {
                    "type":"origins:resource",
                    "resource":"artificer:powertoggles_swiftruntoggle",
                    "comparison":"==",
                    "compare_to":0
                },
                {
                    "type": "origins:or",
                    "conditions": [
                        {
                            "type": "origins:resource",
                            "resource": "artificer:equipmenttoggles_ironleggings",
                            "comparison": "==",
                            "compare_to": 1
                        },
                        {
                            "type": "origins:resource",
                            "resource": "artificer:equipmenttoggles_diamondleggings",
                            "comparison": "==",
                            "compare_to": 1
                        },
                        {
                            "type": "origins:resource",
                            "resource": "artificer:equipmenttoggles_netheriteleggings",
                            "comparison": "==",
                            "compare_to": 1
                        }
                    ]
                },
                {
                    "type": "origins:sprinting"
                }
            ]
        }
    }

}