{
    "name": "Craft Diamond Displacer Boots",
    "description": "You think you might be able to make an improved version of your hook boots that lets you walk on water as well",

    "type": "origins:multiple",

    "lavawalking":{

        "type": "origins:walk_on_fluid",
        "fluid": "minecraft:lava",
        "condition": {

            "type": "origins:and",
            "conditions": [
                {
                    "type":"origins:resource",
                    "resource":"artificer:powertoggles_master",
                    "comparison":"==",
                    "compare_to":1
                },
                {
                    "type":"origins:resource",
                    "resource":"artificer:powertoggles_lavawalktoggle",
                    "comparison":"==",
                    "compare_to":1
                },
                {
                    "type":"origins:resource",
                    "resource":"artificer:equipmenttoggles_netheriteboots",
                    "comparison":"==",
                    "compare_to":1
                },
                {
                    "type": "origins:sneaking",
                    "inverted": true
                }

            ]
        }

    }

}