{
    "name": "Craft Diamond Lighting Greives",
    "description": "You think you may be able to make the ultimate pair of greives that not only retains the features of your previous greives but allows you to rapidly accelerate in any direction and slam into things to damage them by pressing key.spectatorOutlines. Warning! this charge does not protect you from fall damage",

    "type": "origins:multiple",

    "meteortimer": {
        "type": "origins:cooldown",
        "cooldown": 60,
        "hud_render": {
            "should_render": false,
            "bar_index": 3
        }
    },
    "meteoricleap": {

        "type": "origins:active_self",
        "entity_action": {

            "type": "origins:if_else",
            "condition": {

                "type": "origins:and",
                "conditions": [
                    {
                        "type": "origins:resource",
                        "resource": "artificer:equipmenttoggles_netheriteleggings",
                        "comparison": "==",
                        "compare_to": 1

                    },
                    {
                        "type": "origins:resource",
                        "resource": "*:*_meteortimer",
                        "comparison": "==",
                        "compare_to": 0
                    }
                ]
            },
            "if_action": {
                "type": "origins:and",
                "actions": [
                    {
                        "type": "origins:add_velocity",
                        "space": "local",
                        "set": false,
                        "z": 1.75
                    },
                    {
                        "type": "origins:add_velocity",
                        "space": "local",
                        "set": false,
                        "z": 1.75
                    },
                    {
                        "type": "origins:trigger_cooldown",
                        "power": "*:*_meteortimer"
                    },
                    {
                        "type": "origins:play_sound",
                        "sound": "minecraft:item.trident.riptide_2"
                    },
                    {
                        "type":"origins:execute_command",
                        "command":"particle minecraft:flash ~ ~ ~ 1 1 1 0.20 120",
                        "permission_level":4
                    },
                    {
                        "type": "origins:area_of_effect",
                        "radius": 32,
                        "bientity_action": {
                            "type": "origins:target_action",
                            "action": {
                                "type": "origins:and",
                                "actions": [
                                    {
                                        "type": "origins:damage",
                                        "amount": 5,
                                        "source": {
                                            "name": "fireball",
                                            "magic": true,
                                            "bypasses_armor": true
                                        }
                                    },
                                    {
                                        "type": "origins:add_velocity",
                                        "z": 1
                                    }
                                ]
                            }
                        }
                    }

                ]
            }
        },
        "hud_render": {
            "should_render": true,
            "sprite_location": "origins:textures/gui/community/spiderkolo/resource_bar_03.png",
            "bar_index": 16
        },
        "key": {
            "key": "key.spectatorOutlines",
            "continuous": false
        },
        "cooldown": 1
    },

    "meteoreffect": {
        "type": "origins:action_over_time",
        "entity_action": {

            "type": "origins:and",
            "actions": [
                {
                    "type": "origins:area_of_effect",
                    "radius": 4,
                    "bientity_action": {
                        "type": "origins:target_action",
                        "action": {
                            "type": "origins:and",
                            "actions": [
                                {
                                    "type": "origins:damage",
                                    "amount": 5,
                                    "source": {
                                        "name": "fireball",
                                        "magic": true,
                                        "bypasses_armor": true
                                    }
                                },
                                {
                                    "type": "origins:add_velocity",
                                    "z": 1
                                }
                            ]
                        }
                    }
                },
                {
                    "type":"origins:execute_command",
                    "command":"particle minecraft:large_smoke ~ ~ ~ 1 1 1 0.5 20",
                    "permission_level":4
                },
                {
                    "type":"origins:execute_command",
                    "command":"particle minecraft:lava ~ ~ ~ 1 1 1 0.1 20",
                    "permission_level":4
                },
                {
                    "type":"origins:execute_command",
                    "command":"particle minecraft:white_ash ~ ~ ~ 1 1 1 0.20 20",
                    "permission_level":4
                }
            ]
        },
        "falling_action": {

            "type": "origins:and",
            "actions": [
                {
                    "type": "origins:area_of_effect",
                    "radius": 4,
                    "bientity_action": {
                        "type": "origins:target_action",
                        "action": {
                            "type": "origins:and",
                            "actions": [
                                {
                                    "type": "origins:damage",
                                    "amount": 32,
                                    "source": {
                                        "name": "fireball",
                                        "magic": true,
                                        "bypasses_armor": true
                                    }
                                },
                                {
                                    "type": "origins:add_velocity",
                                    "z": 1
                                }
                            ]
                        }
                    }
                },
                {
                    "type":"origins:execute_command",
                    "command":"particle minecraft:large_smoke ~ ~ ~ 1 1 1 0.5 100",
                    "permission_level":4
                },
                {
                    "type":"origins:execute_command",
                    "command":"particle minecraft:lava ~ ~ ~ 1 1 1 0.1 120",
                    "permission_level":4
                },
                {
                    "type": "origins:execute_command",
                    "command": "resource set @p artificer:meteortimer 0"

                }

            ]
        },
        "interval": 20,
        "condition": {
            "type": "origins:and",
            "conditions": [
                {
                    "type": "origins:resource",
                    "resource": "*:*_meteortimer",
                    "comparison": ">",
                    "compare_to": 0
                },
                {
                    "type": "origins:moving"
                }
            ]
        }
    }
}