{
   "name":"Laser Beam",
   "description":"Soldering Beam Tool: Your multitool emits a beam of heat. Mana Cost: 100 Per Use. [Right Click, Held]",

   "type":"origins:multiple",

   "heatbeam": {
      "type": "origins:active_self",
      "entity_action": {
         "type": "origins:if_else",
         "condition": {

           "type": "origins:and",
           "conditions": [
             {

               "type":"origins:resource",
               "resource":"artificer:equipmenttoggles_orangedyemainhand",
               "comparison":"==",
               "compare_to":1

             },
             {

               "type":"origins:resource",
               "resource":"artificer:equipmenttoggles_fungusonstickoffhand",
               "comparison":"==",
               "compare_to":1

             }

           ]
         },
         "if_action": {
            "type": "origins:and",
            "actions": [
              {

                  "type": "origins:raycast",
                  "distance": 8,
                  "block": true,
                  "entity": true,
                  "shape_type": "visual",
                  "fluid_handling": "any",
                  "bientity_action": {
                     "type": "origins:target_action",
                     "action": {
                       "type": "origins:and",
                       "actions": [
                         {
                           "type": "origins:execute_command",
                           "command": "say I've been hit!"
                         },
                         {
                           "type": "origins:damage",
                           "amount": 1,
                           "source": {
                             "name": "onFire",
                             "fire": true,
                             "bypasses_armor": true,
                             "magic": true
                           }
                         },
                         {
                           "type": "origins:set_on_fire",
                           "duration": 1
                         },
                         {
                           "type":"origins:execute_command",
                           "command":"particle minecraft:large_smoke ~ ~ ~ 0 0 0 0.0 1 normal @a",
                           "permission_level":4
                         },
                         {
                           "type":"origins:execute_command",
                           "command":"particle minecraft:lava ~ ~ ~ 0 0 0 0.0 1 normal @a",
                           "permission_level":4
                         },
                         {
                           "type":"origins:execute_command",
                           "command":"particle minecraft:white_ash ~ ~ ~ 0 0 0 0.0 1 normal @a",
                           "permission_level":4
                         }

                       ]
                     }
                  },
                  "before_action": {
                     "type": "origins:execute_command",
                     "command": "say Before"
                  },
                  "hit_action": {
                    "type": "origins:and",
                    "actions": [
                      {
                        "type": "origins:execute_command",
                        "command": "say After (hit)"
                      }
                    ]
                  },
                  "miss_action": {
                     "type": "origins:execute_command",
                     "command": "say After (miss)"
                  },
                  "command_at_hit": "particle minecraft:item minecraft:fire_charge ~ ~ ~ 0 0 0 0.0 0.1 normal @a",
                  "command_along_ray": "particle minecraft:soul_fire_flame",
                  "command_step": 1,
                  "command_along_ray_only_on_hit": true
               }
            ]
         }
      },
      "cooldown": 1,
      "hud_render": {
         "should_render": false,
         "bar_index": 5
      },
      "key": {
         "key": "key.use",
         "continuous": true
      }
   }
}