{
    "name": "waterwalkingFunctionalityWillBeHidden",
    "description": "water walking functionality that overlaps with more than one item",

    "type": "origins:multiple",
    "waterwalking":{

        "type": "origins:walk_on_fluid",
        "fluid": "minecraft:water",
        "condition": {
            "type": "origins:and",
            "conditions": [
                {
                    "type": "origins:fluid_height",
                    "fluid": "minecraft:water",
                    "comparison": ">=",
                    "compare_to": -1
                },
                {
                    "type": "origins:fluid_height",
                    "fluid": "minecraft:water",
                    "comparison": "<",
                    "compare_to": 0.4
                }
            ]

        }
    }
}