{
  "type":"origins:multiple",

  "diamondhelmetequipcheck": {

    "type": "origins:action_over_time",
    "rising_action": {
      "type": "origins:and",
      "actions": [
        {
          "type":"origins:change_resource",
          "resource":"artificer:equipmenttoggles_diamondhelmet",
          "operation": "set",
          "change":1
        },
        {
          "type": "origins:execute_command",
          "command": "say Diamond Helm Of True Sight Equiped"
        }
      ]
    },
    "entity_action": {
      "type": "origins:if_else",
      "condition": {
        "type":"origins:resource",
        "resource":"artificer:equipmenttoggles_diamondhelmet",
        "comparison":"==",
        "compare_to":0
      },
      "if_action": {
        "type": "origins:and",
        "actions": [
          {
            "type": "origins:execute_command",
            "command": "resource set @p artificer:equipmenttoggles_diamondhelmet 1"

          },
          {
            "type": "origins:execute_command",
            "command": "say Netherite Omnithopter Chestplate Equiped"
          }
        ]
      }
    },
    "falling_action": {
      "type": "origins:and",
      "actions": [
        {
          "type":"origins:change_resource",
          "resource":"artificer:equipmenttoggles_diamondhelmet",
          "operation": "set",
          "change":0
        },
        {
          "type": "origins:execute_command",
          "command": "say Diamond Helm Of True Sight Unequiped"
        }
      ]
    },
    "interval": 20,
    "condition": {
      "type": "origins:equipped_item",
      "equipment_slot": "head",
      "item_condition": {
        "type": "origins:and",
        "conditions": [
          {
            "type": "origins:ingredient",
            "ingredient": {
              "item": "minecraft:diamond_helmet"
            }
          },
          {
            "type": "origins:nbt",
            "nbt": "{CustomModelData: 1952314}"
          }
        ]
      }
    }
  },
  "diamondchestplateequipcheck": {

    "type": "origins:action_over_time",
    "rising_action": {
      "type": "origins:and",
      "actions": [
        {
          "type":"origins:change_resource",
          "resource":"artificer:equipmenttoggles_diamondchestplate",
          "operation": "set",
          "change":1
        },
        {
          "type":"origins:change_resource",
          "resource":"artificer:equipmenttoggles_diamondchestplate",
          "operation": "set",
          "change":1
        },
        {
          "type": "origins:execute_command",
          "command": "say Diamond Omnithopter Chestplate Equiped"
        }
      ]
    },
    "entity_action": {
      "type": "origins:if_else",
      "condition": {
        "type":"origins:resource",
        "resource":"artificer:equipmenttoggles_diamondchestplate",
        "comparison":"==",
        "compare_to":0
      },
      "if_action": {
        "type": "origins:and",
        "actions": [
          {
            "type": "origins:execute_command",
            "command": "resource set @p artificer:equipmenttoggles_diamondchestplate 1"

          },
          {
            "type": "origins:execute_command",
            "command": "say Netherite Omnithopter Chestplate Equiped"
          }
        ]
      }
    },
    "falling_action": {
      "type": "origins:and",
      "actions": [
        {
          "type":"origins:change_resource",
          "resource":"artificer:equipmenttoggles_diamondchestplate",
          "operation": "set",
          "change":0
        },
        {
          "type": "origins:execute_command",
          "command": "say Diamond Omnithopter Chestplate Unequiped"
        }
      ]
    },
    "interval": 20,
    "condition": {
      "type": "origins:equipped_item",
      "equipment_slot": "chest",
      "item_condition": {
        "type": "origins:and",
        "conditions": [
          {
            "type": "origins:ingredient",
            "ingredient": {
              "item": "minecraft:diamond_chestplate"
            }
          },
          {
            "type": "origins:nbt",
            "nbt": "{CustomModelData: 7307}"
          }
        ]
      }
    }
  },
  "diamondlightninggreavesequipcheck": {

    "type": "origins:action_over_time",
    "rising_action": {
      "type": "origins:and",
      "actions": [
        {
          "type":"origins:change_resource",
          "resource":"artificer:equipmenttoggles_diamondleggings",
          "operation": "set",
          "change":1
        },
        {
          "type": "origins:execute_command",
          "command": "say Diamond Lightning greaves Equiped"
        }
      ]
    },
    "entity_action": {
      "type": "origins:if_else",
      "condition": {
        "type":"origins:resource",
        "resource":"artificer:equipmenttoggles_diamondleggings",
        "comparison":"==",
        "compare_to":0
      },
      "if_action": {
        "type": "origins:and",
        "actions": [
          {
            "type": "origins:execute_command",
            "command": "resource set @p artificer:equipmenttoggles_diamondleggings 1"

          },
          {
            "type": "origins:execute_command",
            "command": "say Netherite Omnithopter Chestplate Equiped"
          }
        ]
      }
    },
    "falling_action": {
      "type": "origins:and",
      "actions": [
        {
          "type":"origins:change_resource",
          "resource":"artificer:equipmenttoggles_diamondleggings",
          "operation": "set",
          "change":0
        },
        {
          "type": "origins:execute_command",
          "command": "say Diamond Lightning greaves Unequiped"
        }
      ]
    },
    "interval": 20,
    "condition": {
      "type": "origins:equipped_item",
      "equipment_slot": "legs",
      "item_condition": {
        "type": "origins:and",
        "conditions": [
          {
            "type": "origins:ingredient",
            "ingredient": {
              "item": "minecraft:diamond_leggings"
            }
          },
          {
            "type": "origins:nbt",
            "nbt": "{CustomModelData: 46439}"
          }
        ]
      }
    }
  },
  "diamondbootsequipcheck": {

    "type": "origins:action_over_time",
    "rising_action": {
      "type": "origins:and",
      "actions": [
        {
          "type":"origins:change_resource",
          "resource":"artificer:equipmenttoggles_diamondboots",
          "operation": "set",
          "change":1
        },
        {
          "type": "origins:execute_command",
          "command": "say Diamond Displacement Boots Equiped"
        }
      ]
    },
    "entity_action": {
      "type": "origins:if_else",
      "condition": {
        "type":"origins:resource",
        "resource":"artificer:equipmenttoggles_diamondboots",
        "comparison":"==",
        "compare_to":0
      },
      "if_action": {
        "type": "origins:and",
        "actions": [
          {
            "type": "origins:execute_command",
            "command": "resource set @p artificer:equipmenttoggles_diamondboots 1"

          },
          {
            "type": "origins:execute_command",
            "command": "say Netherite Omnithopter Chestplate Equiped"
          }
        ]
      }
    },
    "falling_action": {
      "type": "origins:and",
      "actions": [
        {
          "type":"origins:change_resource",
          "resource":"artificer:equipmenttoggles_diamondboots",
          "operation": "set",
          "change":0
        },
        {
          "type": "origins:execute_command",
          "command": "say Diamond Displacement Boots Unequiped"
        }
      ]
    },
    "interval": 20,
    "condition": {
      "type": "origins:equipped_item",
      "equipment_slot": "feet",
      "item_condition": {
            "type": "origins:and",
            "conditions": [
              {
                "type": "origins:ingredient",
                "ingredient": {
                  "item": "minecraft:diamond_boots"
                }
              },
              {
                "type": "origins:nbt",
                "nbt": "{CustomModelData: 46439}"
              }
            ]
          }
      }
  }
}