{
    "name": "Craft Diamond Omnithopter Chestplate",
    "description": "Improving on your design for the omnithopter artifact, you have improved the wings so they are strong enough to create lift by flapping",

    "type": "origins:multiple",

    "diamondomnithopterchestplate":{
        "type": "origins:modify_crafting",
        "recipe": "artificer:diamondomnithopterchestplate",
        "result": {
            "item": "diamond_chestplate",
            "amount": 1,
            "tag": "{ AttributeModifiers:[{AttributeName:\"generic.armor\",Name:\"generic.armor\",Amount:9,Operation:0,UUID:[I;-536033501,378225528,-1721061264,-2116139236],Slot:\"chest\"},{AttributeName:\"generic.armor_toughness\",Name:\"generic.armor_toughness\",Amount:3,Operation:0,UUID:[I;-1311289446,314926761,-1352423663,-1949770175],Slot:\"chest\"}],Enchantments:[{id:\"unbreaking\",lvl:3}],display:{Name:'{\"text\":\"Diamond Omnithopter Chestplate\",\"color\":\"aqua\",\"bold\":false}',Lore:['[{\"text\":\"A chestplate\",\"italic\":false,\"color\":\"white\"}]','[{\"text\":\" with \",\"italic\":false,\"color\":\"white\"}]','[{\"text\":\" mechanical wings\",\"italic\":false,\"color\":\"white\"}]']},CustomModelData:7307}"
        }
    }
}