{
  "type":"origins:multiple",

  "manageglide": {

    "type": "origins:action_over_time",
    "interval": 1,
    "entity_action": {
      "type": "origins:if_else_list",
      "actions": [
        {
          "condition": {
            "type": "origins:and",
            "conditions": [
              {
                "type":"origins:resource",
                "resource":"artificer:powertoggles_master",
                "comparison":"==",
                "compare_to":1

              },
              {
                "type":"origins:resource",
                "resource":"artificer:powertoggles_gildertoggle",
                "comparison":"==",
                "compare_to":1
              },
              {
                "type": "origins:or",
                "conditions": [
                  {
                    "type":"origins:resource",
                    "resource":"artificer:equipmenttoggles_ironchestplate",
                    "comparison":"==",
                    "compare_to":1

                  },
                  {
                    "type": "origins:and",
                    "conditions": [
                      {
                        "type":"origins:resource",
                        "resource":"artificer:equipmenttoggles_diamondchestplate",
                        "comparison":"==",
                        "compare_to":1
                      },
                      {
                        "type":"origins:resource",
                        "resource":"artificer:powertoggles_glideorhovertoggle",
                        "comparison":"==",
                        "compare_to":1
                      }
                    ]

                  },
                  {
                    "type": "origins:and",
                    "conditions": [
                      {
                        "type":"origins:resource",
                        "resource":"artificer:equipmenttoggles_netheritechestplate",
                        "comparison":"==",
                        "compare_to":1
                      },
                      {
                        "type":"origins:resource",
                        "resource":"artificer:powertoggles_glideorcreativeflighttoggle",
                        "comparison":"==",
                        "compare_to":0
                      }
                    ]

                  }
                ]
              }
            ]

          },
          "action": {

            "type": "origins:grant_power",
            "power": "artificer:glider",
            "source": "artificer:artificer"

          }
        },
        {
          "condition": {
            "type": "origins:or",
            "conditions": [
              {
                "type":"origins:resource",
                "resource":"artificer:powertoggles_master",
                "comparison":"==",
                "compare_to":0

              },
              {
                "type":"origins:resource",
                "resource":"artificer:powertoggles_gildertoggle",
                "comparison":"==",
                "compare_to":0
              },
              {
                "type": "origins:or",
                "conditions": [
                  {
                    "type":"origins:resource",
                    "resource":"artificer:equipmenttoggles_ironchestplate",
                    "comparison":"==",
                    "compare_to":0

                  },
                  {
                    "type": "origins:and",
                    "conditions": [
                      {
                        "type":"origins:resource",
                        "resource":"artificer:equipmenttoggles_diamondchestplate",
                        "comparison":"==",
                        "compare_to":1
                      },
                      {
                        "type":"origins:resource",
                        "resource":"artificer:powertoggles_glideorhovertoggle",
                        "comparison":"==",
                        "compare_to":1
                      }
                    ], "inverted": true

                  },
                  {
                    "type": "origins:and",
                    "conditions": [
                      {
                        "type":"origins:resource",
                        "resource":"artificer:equipmenttoggles_netheritechestplate",
                        "comparison":"==",
                        "compare_to":1
                      },
                      {
                        "type":"origins:resource",
                        "resource":"artificer:powertoggles_glideorcreativeflighttoggle",
                        "comparison":"==",
                        "compare_to":0
                      }
                    ],
                    "invert": true

                  }
                ]
              }
            ]

          },
          "action": {

            "type": "origins:revoke_power",
            "power": "artificer:glider",
            "source": "artificer:artificer"

          }
        }

      ]

    }
  },

  "manageflap": {

    "type": "origins:action_over_time",
    "interval": 20,
    "entity_action": {
      "type": "origins:if_else_list",
      "actions": [
        {
          "condition": {
            "type": "origins:and",
            "conditions": [
              {
                "type":"origins:resource",
                "resource":"artificer:powertoggles_master",
                "comparison":"==",
                "compare_to":1

              },
              {
                "type":"origins:resource",
                "resource":"artificer:powertoggles_gildertoggle",
                "comparison":"==",
                "compare_to":1
              },
              {
                "type": "origins:or",
                "conditions": [
                  {
                    "type": "origins:and",
                    "conditions": [
                      {
                        "type":"origins:resource",
                        "resource":"artificer:equipmenttoggles_diamondchestplate",
                        "comparison":"==",
                        "compare_to":1
                      },
                      {
                        "type":"origins:resource",
                        "resource":"artificer:powertoggles_glideorhovertoggle",
                        "comparison":"==",
                        "compare_to":1
                      }
                    ]

                  },
                  {
                    "type": "origins:and",
                    "conditions": [
                      {
                        "type":"origins:resource",
                        "resource":"artificer:equipmenttoggles_netheritechestplate",
                        "comparison":"==",
                        "compare_to":1
                      },
                      {
                        "type":"origins:resource",
                        "resource":"artificer:powertoggles_glideorcreativeflighttoggle",
                        "comparison":"==",
                        "compare_to":0
                      }
                    ]

                  }
                ]
              }
            ]

          },
          "action":
          {
            "type": "origins:grant_power",
            "power": "artificer:flap",
            "source": "artificer:artificer"
          }
        },
        {
          "condition": {
            "type": "origins:or",
            "conditions": [
              {
                "type":"origins:resource",
                "resource":"artificer:powertoggles_master",
                "comparison":"==",
                "compare_to":0

              },
              {
                "type":"origins:resource",
                "resource":"artificer:powertoggles_gildertoggle",
                "comparison":"==",
                "compare_to":0
              },
              {
                "type": "origins:and",
                "conditions": [
                  {
                    "type": "origins:or",
                    "conditions": [
                      {
                        "type":"origins:resource",
                        "resource":"artificer:equipmenttoggles_diamondchestplate",
                        "comparison":"==",
                        "compare_to":1
                      },
                      {
                        "type":"origins:resource",
                        "resource":"artificer:powertoggles_glideorhovertoggle",
                        "comparison":"==",
                        "compare_to":0
                      }
                    ], "inverted": true

                  },
                  {
                    "type": "origins:or",
                    "conditions": [
                      {
                        "type":"origins:resource",
                        "resource":"artificer:equipmenttoggles_netheritechestplate",
                        "comparison":"==",
                        "compare_to":0
                      },
                      {
                        "type":"origins:resource",
                        "resource":"artificer:powertoggles_glideorcreativeflighttoggle",
                        "comparison":"==",
                        "compare_to":1
                      }
                    ], "inverted": true

                  }
                ]
              }
            ]
          },
          "action":{

            "type": "origins:revoke_power",
            "power": "artificer:flap",
            "source": "artificer:artificer"

          }

        }

      ]

    }
  },
  "managehover": {

    "type": "origins:action_over_time",
    "interval": 20,
    "entity_action": {
      "type": "origins:if_else_list",
      "actions": [
        {
          "condition": {
            "type": "origins:and",
            "conditions": [
              {
                "type":"origins:resource",
                "resource":"artificer:powertoggles_master",
                "comparison":"==",
                "compare_to":1

              },
              {
                "type":"origins:resource",
                "resource":"artificer:powertoggles_gildertoggle",
                "comparison":"==",
                "compare_to":1
              },
              {
                "type":"origins:resource",
                "resource":"artificer:powertoggles_hovertoggle",
                "comparison":"==",
                "compare_to":1
              },
              {
                "type":"origins:resource",
                "resource":"artificer:powertoggles_glideorhovertoggle",
                "comparison":"==",
                "compare_to":1
              },
              {
                "type": "origins:on_block",
                "inverted": true
              },
              {
                "type":"origins:resource",
                "resource":"artificer:equipmenttoggles_diamondchestplate",
                "comparison":"==",
                "compare_to":1
              }
            ]
          },
          "action":
          {
            "type": "origins:grant_power",
            "power": "artificer:hover",
            "source": "artificer:artificer"
          }
        },
        {
          "condition": {
            "type": "origins:or",
            "conditions": [
              {
                "type":"origins:resource",
                "resource":"artificer:powertoggles_master",
                "comparison":"==",
                "compare_to":0

              },
              {
                "type":"origins:resource",
                "resource":"artificer:powertoggles_gildertoggle",
                "comparison":"==",
                "compare_to":0
              },
              {
                "type":"origins:resource",
                "resource":"artificer:powertoggles_hovertoggle",
                "comparison":"==",
                "compare_to":0
              },
              {
                "type":"origins:resource",
                "resource":"artificer:powertoggles_glideorhovertoggle",
                "comparison":"==",
                "compare_to":1
              },
              {
                "type": "origins:on_block"
              },
              {
                "type":"origins:resource",
                "resource":"artificer:equipmenttoggles_diamondchestplate",
                "comparison":"==",
                "compare_to":0
              }
            ]
          },
          "action":{

            "type": "origins:revoke_power",
            "power": "artificer:hover",
            "source": "artificer:artificer"

          }

        }

      ]

    }
  }

}