{
    "name": "Craft Netherite Omnithopter Chestplate",
    "description": "Improving on your design for the omnithopter artifact, you have improved the wings so they are strong enough to create lift by flapping",

    "type": "origins:multiple",

    "netheriteomnithopterchestplate":{
        "type": "origins:modify_crafting",
        "recipe": "artificer:netheriteomnithopterchestplate",
        "result": {
            "item": "netherite_chestplate",
            "amount": 1,
            "tag": "{ AttributeModifiers:[{AttributeName:\"generic.armor\",Name:\"generic.armor\",Amount:10,Operation:0,UUID:[I;-536033501,378225528,-1721061264,-2116139236],Slot:\"chest\"},{AttributeName:\"generic.armor_toughness\",Name:\"generic.armor_toughness\",Amount:4,Operation:0,UUID:[I;-1311289446,314926761,-1352423663,-1949770175],Slot:\"chest\"}],Enchantments:[{id:\"unbreaking\",lvl:5}],display:{Name:'{\"text\":\"Netherite Omnithopter Chestplate\",\"color\":\"aqua\",\"bold\":false}',Lore:['[{\"text\":\"A chestplate\",\"italic\":false,\"color\":\"white\"}]','[{\"text\":\" with \",\"italic\":false,\"color\":\"white\"}]','[{\"text\":\" mechanical wings\",\"italic\":false,\"color\":\"white\"}]']},CustomModelData:55170}"
        }
    }
}