{   "type": "origins:multiple",
    "add_recipie_ironhookboots": {
        "type": "origins:modify_crafting",
        "recipe": "artificer:ironhookboots",
        "result": {
            "item": "iron_boots",
            "amount": 1,
            "tag": "{ AttributeModifiers:[{AttributeName:\"generic.armor\",Name:\"generic.armor\",Amount:3,Operation:0,UUID:[I;-536043201,378225528,-1721061264,-2116135236],Slot:\"feet\"},{AttributeName:\"generic.armor_toughness\",Name:\"generic.armor_toughness\",Amount:1,Operation:0,UUID:[I;-1311589446,316371761,-1352443663,-1949471115],Slot:\"feet\"}],Enchantments:[{id:\"unbreaking\",lvl:1}],display:{Name:'{\"text\":\"Iron Hook Boots\",\"color\":\"aqua\",\"bold\":false}',Lore:['[{\"text\":\"A pair of Boots\",\"italic\":false,\"color\":\"white\"}]','[{\"text\":\" that let you\",\"italic\":false,\"color\":\"white\"}]','[{\"text\":\" climb walls \",\"italic\":false,\"color\":\"white\"}]']},CustomModelData:68752}"

        }
    },
    "add_recipie_diamonddisplacementbooks": {
        "type": "origins:modify_crafting",
        "recipe": "artificer:diamonddisplacerboots",
        "result": {
            "item": "diamond_boots",
            "amount": 1,
            "tag": "{ AttributeModifiers:[{AttributeName:\"generic.armor\",Name:\"generic.armor\",Amount:4,Operation:0,UUID:[I;-536431501,378221528,-1723061264,-2136138236],Slot:\"feet\"},{AttributeName:\"generic.armor_toughness\",Name:\"generic.armor_toughness\",Amount:2,Operation:0,UUID:[I;-1311489446,334986761,-1352423163,-1149470175],Slot:\"feet\"}],Enchantments:[{id:\"unbreaking\",lvl:3}],display:{Name:'{\"text\":\"Diamond Displacement Boots\",\"color\":\"aqua\",\"bold\":false}',Lore:['[{\"text\":\"A pair of Boots\",\"italic\":false,\"color\":\"white\"}]','[{\"text\":\" that let you \",\"italic\":false,\"color\":\"white\"}]','[{\"text\":\"climb walls and walk on water \",\"italic\":false,\"color\":\"white\"}]']},CustomModelData:46439}"
        }
    },
    "add_recipie_netheriteantigravityboots": {
        "type": "origins:modify_crafting",
        "recipe": "artificer:netheritegravityredirectionboots",
        "result": {
            "item": "netherite_boots",
            "amount": 1,
            "tag": "{ AttributeModifiers:[{AttributeName:\"generic.armor\",Name:\"generic.armor\",Amount:5,Operation:0,UUID:[I;-536413701,372225528,-1721031264,-2113179236],Slot:\"feet\"},{AttributeName:\"generic.armor_toughness\",Name:\"generic.armor_toughness\",Amount:3,Operation:0,UUID:[I;-1316289446,314154766,-1352423163,-1919740175],Slot:\"feet\"}],Enchantments:[{id:\"unbreaking\",lvl:5}],display:{Name:'{\"text\":\"Netherite Anti-Gravity Boots\",\"color\":\"aqua\",\"bold\":false}',Lore:['[{\"text\":\"A pair of Boots\",\"italic\":false,\"color\":\"white\"}]','[{\"text\":\" that let you \",\"italic\":false,\"color\":\"white\"}]','[{\"text\":\"climb walls, walk on water, and  \",\"italic\":false,\"color\":\"white\"}]']},CustomModelData:31695}"
        }
    }
}
