{
   "name":"Essence Tank",
   "description":"Unlike less scientific practitioners of magic, as a Artificer, you have learned to convert ambient \"Mana\" generated by various sources into  \"Essence\". \"Common Ores\" are a impure source of \"Essence\". \"Deepslate Common Ores\" and \"Rare Ores\" a pure source of \"Essence\". \"Essence\" is stored in a specially designed tank and can be used as fuel to power your multitool.",
   "type":"origins:multiple",
   "resource":{
      "type":"origins:resource",
      "min":0,
      "max":20000,
      "hud_render":{
         "should_render":true,
         "sprite_location":"origins:textures/gui/community/huang/resource_bar_02.png",
         "bar_index":19
      }
   },
   "raw_essence_collection":{
      "type":"origins:action_over_time",
      "entity_action":{
         "type":"origins:change_resource",
         "resource":"artificer:essencetank_resource",
         "change":75
      },
      "condition":{

         "type": "origins:block_in_radius",
         "block_condition": {
            "type": "origins:or",
            "conditions": [

               {
                  "type": "origins:material",
                  "material": "solid_organic"
               },
               {
                  "type": "origins:material",
                  "material": "moss_block"
               },
               {
                  "type": "origins:material",
                  "material": "cactus"
               },
               {
                  "type": "origins:material",
                  "material": "sponge"
               },
               {
                  "type": "origins:material",
                  "material": "nether_shoots"
               },
               {
                  "type": "origins:material",
                  "material": "plant"
               },
               {
                  "type": "origins:material",
                  "material": "underwater_plant"
               }
            ]
         },
         "radius": 2,
         "shape": "sphere",
         "comparison": ">=",
         "compare_to": 1

      },

      "interval":20
   },
   "impure_essence_collection":{
      "type":"origins:action_over_time",
      "entity_action":{
         "type":"origins:change_resource",
         "resource":"artificer:essencetank_resource",
         "change":150
      },
      "interval":20,
      "condition": {
         "type": "origins:block_in_radius",
         "block_condition": {
            "type": "origins:or",
            "conditions": [
               {
                  "type": "origins:block",
                  "block": "minecraft:coal_ore"
               },
               {
                  "type": "origins:block",
                  "block": "minecraft:iron_ore"
               },
               {
                  "type": "origins:block",
                  "block": "minecraft:gold_ore"
               },
               {
                  "type": "origins:block",
                  "block": "minecraft:copper_ore"
               },
               {
                  "type": "origins:block",
                  "block": "minecraft:nether_quartz_ore"
               },
               {
                  "type": "origins:block",
                  "block": "minecraft:nether_gold_ore"
               },
               {
                  "type": "origins:block",
                  "block": "minecraft:redstone_ore"
               }
            ]
         },
         "radius": 2,
         "shape": "sphere",
         "comparison": ">=",
         "compare_to": 1
      }
   },
   "pure_essence_collection":{
      "type":"origins:action_over_time",
      "entity_action":{
         "type":"origins:change_resource",
         "resource":"artificer:essencetank_resource",
         "change":300
      },
      "interval":20,
      "condition": {
         "type": "origins:block_in_radius",
         "block_condition": {
            "type": "origins:or",
            "conditions": [
               {
                  "type": "origins:block",
                  "block": "minecraft:diamond_ore"
               },
               {
                  "type": "origins:block",
                  "block": "minecraft:emerald_ore"
               },
               {
                  "type": "origins:block",
                  "block": "minecraft:deepslate_diamond_ore"
               },
               {
                  "type": "origins:block",
                  "block": "minecraft:deepslate_emerald_ore"
               },
               {
                  "type": "origins:block",
                  "block": "minecraft:deepslate_coal_ore"
               },
               {
                  "type": "origins:block",
                  "block": "minecraft:deepslate_iron_ore"
               },
               {
                  "type": "origins:block",
                  "block": "minecraft:deepslate_gold_ore"
               },
               {
                  "type": "origins:block",
                  "block": "minecraft:deepslate_copper_ore"
               },
               {
                  "type": "origins:block",
                  "block": "minecraft:deepslate_redstone_ore"
               },
               {
                  "type": "origins:block",
                  "block": "minecraft:amethyst_block"
               }
            ]
         },
         "radius": 2,
         "shape": "sphere",
         "comparison": ">=",
         "compare_to": 1
      }
   },
   "essenceconversiondisplay":{
      "type":"origins:action_over_time",
      "entity_action":{
         "type":"origins:execute_command",
         "command":"execute at @s run particle minecraft:end_chest 255 0 0 1 ~ ~0.9 ~ .25 .25 .26 0.01 3 normal @a",
         "permission_level":4
      },
      "interval":10,
      "condition":{


         "type": "origins:block_in_radius",
         "block_condition": {
            "type": "origins:or",
            "conditions": [

               {
                  "type": "origins:material",
                  "material": "solid_organic"
               },
               {
                  "type": "origins:material",
                  "material": "moss_block"
               },
               {
                  "type": "origins:material",
                  "material": "cactus"
               },
               {
                  "type": "origins:material",
                  "material": "sponge"
               },
               {
                  "type": "origins:material",
                  "material": "nether_shoots"
               },
               {
                  "type": "origins:material",
                  "material": "plant"
               },
               {
                  "type": "origins:material",
                  "material": "underwater_plant"
               },
               {
                  "type": "origins:block",
                  "block": "minecraft:diamond_ore"
               },
               {
                  "type": "origins:block",
                  "block": "minecraft:emerald_ore"
               },
               {
                  "type": "origins:block",
                  "block": "minecraft:deepslate_diamond_ore"
               },
               {
                  "type": "origins:block",
                  "block": "minecraft:deepslate_emerald_ore"
               },
               {
                  "type": "origins:block",
                  "block": "minecraft:deepslate_coal_ore"
               },
               {
                  "type": "origins:block",
                  "block": "minecraft:deepslate_iron_ore"
               },
               {
                  "type": "origins:block",
                  "block": "minecraft:deepslate_gold_ore"
               },
               {
                  "type": "origins:block",
                  "block": "minecraft:deepslate_copper_ore"
               },
               {
                  "type": "origins:block",
                  "block": "minecraft:deepslate_redstone_ore"
               },
               {
                  "type": "origins:block",
                  "block": "minecraft:amethyst_block"
               },
               {
                  "type": "origins:block",
                  "block": "minecraft:coal_ore"
               },
               {
                  "type": "origins:block",
                  "block": "minecraft:iron_ore"
               },
               {
                  "type": "origins:block",
                  "block": "minecraft:gold_ore"
               },
               {
                  "type": "origins:block",
                  "block": "minecraft:copper_ore"
               },
               {
                  "type": "origins:block",
                  "block": "minecraft:nether_quartz_ore"
               },
               {
                  "type": "origins:block",
                  "block": "minecraft:nether_gold_ore"
               },
               {
                  "type": "origins:block",
                  "block": "minecraft:redstone_ore"
               }
            ]
         },
         "radius": 2,
         "shape": "sphere",
         "comparison": ">=",
         "compare_to": 1

      }
   },
   "emit_on_manaconvert":{
      "type":"origins:action_over_time",
      "entity_action":{
         "type":"origins:execute_command",
         "command":"particle minecraft:end_chest 255 0 0 1 ~ ~0.5 ~ .25 .25 .26 0 2 force @a",
         "permission_level":4
      },
      "interval":1,
      "condition":{
         "type":"origins:resource",
         "resource":"artificer:essencetank_resource",
         "comparison":">",
         "compare_to":7000
      }
   },
   "death":{
      "type":"origins:action_on_callback",
      "entity_action_chosen":{
         "type":"origins:change_resource",
         "resource":"artificer:essencetank_resource",
         "change":-1000
      },
      "entity_action_respawned":{
         "type":"origins:change_resource",
         "resource":"artificer:essencetank_resource",
         "change":-1000
      },
      "execute_chosen_when_orb":true
   }
}