{
    "type": "origins:action_on_callback",

    "entity_action_respawned": {
            "type": "origins:execute_command",
            "command": "execute as @s run function artificer:spawn_artificer_tools",
            "permission_level": 4
    },

    "entity_action_chosen": {
            "type":"origins:execute_command",
            "command":"execute as @s run function artificer:spawn_artificer_tools",
            "permission_level":4
    },
    "execute_chosen_when_orb": true,
    "name":"Items",
    "description":"As a artificer, you will need your own \"artificers multitool\", which is a tool created by each artificer to allow them to manipulate magic. Use a tool selector in your mainhand while the multitool is in your offhand to use the selected tool."
}